<application>
  <component name="aminer-codegeex">
    <option name="serverConfig">
      <JsonObject />
    </option>
    <option name="chatLanguageSettingEnum" value="en-US" />
    <option name="telemetryEnabled" value="true" />
    <option name="telemetryConfigured" value="true" />
    <option name="sessionId" value="039732c6-70f6-4903-8438-f3a7babda849" />
    <option name="macAddress" value="00-50-56-C0-00-01" />
    <option name="userId" value="f6a8978ba0664a2fa84c587ed99d9184" />
    <option name="userName" value="新用户55818" />
    <option name="source" value="codeGeeX" />
    <option name="sourceId" value="f6a8978ba0664a2fa84c587ed99d9184" />
    <option name="configCacheSeconds" value="43200" />
    <option name="minCompletionDelay" value="500" />
    <option name="autoUpdateVersion" value="2.19.0" />
    <option name="autoUpdateProperty" value="{&quot;auto&quot;:true, &quot;is_force&quot;:false}" />
    <option name="silentTimeStamp" value="1751962645" />
    <option name="adjustedCompletionDelay" value="500" />
    <option name="promptLimitTestingPrefix" value="1024" />
    <option name="promptLimitTestingSuffix" value="256" />
    <option name="completionDocumentSettings">
      <list>
        <CompletionDocumentSetting>
          <option name="max" value="2" />
          <option name="name" value="open_viewports" />
        </CompletionDocumentSetting>
        <CompletionDocumentSetting>
          <option name="max" value="2" />
          <option name="name" value="opened_files" />
        </CompletionDocumentSetting>
        <CompletionDocumentSetting>
          <option name="max" value="10" />
          <option name="name" value="import_files" />
        </CompletionDocumentSetting>
        <CompletionDocumentSetting>
          <option name="max" value="2" />
          <option name="name" value="recent_files" />
        </CompletionDocumentSetting>
        <CompletionDocumentSetting>
          <option name="max" value="1" />
          <option name="name" value="most_similar_file" />
        </CompletionDocumentSetting>
      </list>
    </option>
    <option name="codegeexLite" value="codegeex-4" />
    <option name="codegeexPro" value="codegeex-4" />
    <option name="chatModel" value="codegeex-chat-pro" />
    <option name="serverConfigString" value="{&quot;config&quot;:{&quot;2023YearReport&quot;:&quot;0&quot;,&quot;BlockParsingMode&quot;:&quot;1&quot;,&quot;Candidates&quot;:&quot;1&quot;,&quot;CommandList&quot;:&quot;[\&quot;explain\&quot;,\&quot;comment\&quot;,\&quot;fixbug\&quot;,\&quot;tests\&quot;, \&quot;code_check\&quot;]&quot;,&quot;CompletionDelay&quot;:&quot;500&quot;,&quot;CompletionV3&quot;:&quot;1&quot;,&quot;Ext.AdjustedCompletionDelay&quot;:&quot;500&quot;,&quot;Ext.Agent&quot;:&quot;{\&quot;model\&quot;:\&quot;codegeex-agent-test-5\&quot;,\&quot;status\&quot;:1}&quot;,&quot;Ext.AgentStartPrompt&quot;:&quot;{\n    \&quot;en\&quot;: {\n        \&quot;list\&quot;: [{\n              \&quot;title\&quot;: \&quot;️ Develop a Memory Matching Mini‑Game\&quot;,\n              \&quot;prompt\&quot;: \&quot;Write a card memory matching game on a website. Use a 4×4 card grid and implement card‑flip animations and basic matching logic.\&quot;\n            },{\n              \&quot;title\&quot;: \&quot; Simple Expense Tracker App\&quot;,\n              \&quot;prompt\&quot;: \&quot;I want to build a simple expense tracker app using HTML and JavaScript. The interface should be clean with green as the primary color. Display total expenses and balance at the top and add a button at the bottom. No login is required; store data locally. It must display correctly on mobile devices.\&quot;\n            },{\n              \&quot;title\&quot;: \&quot; Build a Green‑Fruit Delivery E‑commerce Site with Vue\&quot;,\n              \&quot;prompt\&quot;: \&quot;I want to create an e‑commerce website that offers high‑quality green‑fruit delivery. Please build it with Vue.\\nRequirements:\\n1. Ensure good architecture and maintainability, and add documentation comments that describe the purpose of every function.\\n2. Include three categories: fruit, fruit‑based light meals, and gift boxes.\\n3. Provide at least 10 products with descriptions. Use Unsplash placeholder images.\\n4. Use a JSON file instead of a database.\&quot;\n            }\n            ,{\n              \&quot;title\&quot;: \&quot; Build an AI‑Powered Gomoku Game\&quot;,\n              \&quot;prompt\&quot;: \&quot;Please create a Gomoku game built with Pygame that includes the following features:\\n1. Two difficulty levels—easy and advanced—each with an AI opponent to play against the human player.\\n2. A game analysis board that shows the human player’s win rate in real time and provides two move suggestions with their respective winning probabilities.\\n3. The AI should always make the first move.\&quot;\n            }],\n        \&quot;project_list\&quot;: [{\n              \&quot;title\&quot;: \&quot; Analyze Project Structure\&quot;,\n              \&quot;prompt\&quot;: \&quot;I’m studying this project. Please identify its key modules and analyze what each module does and how the code is organized.\&quot;\n            },\n            {\n              \&quot;title\&quot;: \&quot; Improve Project Testability\&quot;,\n              \&quot;prompt\&quot;: \&quot;I want to enhance system stability and solidify unit‑testing foundations. Evaluate the project’s testability—looking at the test framework, module decoupling, and other factors—and provide practical optimization suggestions.\&quot;\n            },\n            {\n              \&quot;title\&quot;: \&quot; Improve Project Documentation\&quot;,\n              \&quot;prompt\&quot;: \&quot;Good documentation helps everyone. Review our current docs (e.g., README files, code comments). Point out areas that are unclear or lacking and suggest specific improvements to make them more helpful for both users and developers.\&quot;\n            }\n          ]},\n    \&quot;zh\&quot;: {\n        \&quot;list\&quot;: [{\n            \&quot;title\&quot;: \&quot;️ 开发一个记忆力挑战小游戏\&quot;,\n            \&quot;prompt\&quot;: \&quot;在网站上写一个卡牌记忆配对游戏。用4x4的卡牌网格，实现卡牌翻转动画和基本匹配逻辑。\&quot;\n        },{\n            \&quot;title\&quot;: \&quot; 帮我完成简易记账应用\&quot;,\n            \&quot;prompt\&quot;: \&quot;想做个简单的记账APP，用HTML+JS开发。界面要简洁，主色调用绿色。顶部显示总支出和结余。底部有添加按钮。不用登录功能，数据存在本地就行。手机上能正常显示。\&quot;\n        },{\n            \&quot;title\&quot;: \&quot; 用 Vue 制作电商网站\&quot;,\n            \&quot;prompt\&quot;: \&quot;我希望做一个提供高品质绿色水果配送的电商网站，请用 vue 帮我写。要求：\\n1. 必须考虑良好的架构和可维护性 ，使用文档注释描述每一个函数的功能   \\n2. 包含水果、水果轻食、礼盒三个品类 \\n3. 至少有 10 个商品和对应的描述信息。  图片使用 unsplash 提供的占位图。\\n4. 数据库使用 json 文件代替\&quot;\n        },{\n            \&quot;title\&quot;: \&quot; 做个 AI 对战五子棋解解闷\&quot;,\n            \&quot;prompt\&quot;: \&quot;请创建一个基于 pygame 的五子棋游戏，游戏需要包含以下功能：\\n1. 提供简单、高级两种难度的选择，每个选择使用对应难度的机器人与人类对战 \\n2. 提供局面分析看板，实时显示人类玩家的胜率，并提供出子建议（给出 2 个建议）和对应的赢率 \\n3. 总是机器人优先出子。\&quot;\n        }],\n        \&quot;project_list\&quot;: [{\n            \&quot;title\&quot;: \&quot; 分析项目结构\&quot;,\n            \&quot;prompt\&quot;: \&quot;我正在学习这个项目，请帮我找出项目的重要模块，并分析每个模块的功能和代码结构。\&quot;\n            },{\n            \&quot;title\&quot;: \&quot; 提高项目可测试性\&quot;,\n            \&quot;prompt\&quot;: \&quot;我希望提升系统稳定性并夯实单元测试基础，请从测试框架、模块解耦性等维度，对本项目的可测试性进行简单评估，并给出优化方案。\&quot;\n            },{\n            \&quot;title\&quot;: \&quot; 改进项目文档\&quot;,\n            \&quot;prompt\&quot;: \&quot;好的文档对每个人都有帮助。请检查我们当前的文档（例如 README、代码注释等），指出哪些地方有所欠缺或不够清晰，并提出具体的改进建议，使其对用户和开发者都更有帮助。\&quot;}]\n    }\n}&quot;,&quot;Ext.ContextConfig&quot;:&quot;[{\&quot;name\&quot;:\&quot;open_viewports\&quot;,\&quot;max\&quot;:2},{\&quot;name\&quot;:\&quot;opened_files\&quot;,\&quot;max\&quot;:2},{\&quot;name\&quot;:\&quot;import_files\&quot;,\&quot;max\&quot;:10},{\&quot;name\&quot;:\&quot;recent_files\&quot;,\&quot;max\&quot;:2},{\&quot;name\&quot;:\&quot;most_similar_file\&quot;,\&quot;max\&quot;:1}]&quot;,&quot;Ext.ContextStategy&quot;:&quot;{\&quot;maxLine\&quot;:150,\&quot;languages\&quot;:[\&quot;javascript\&quot;,\&quot;python\&quot;,\&quot;java\&quot;,\&quot;typescript\&quot;],\&quot;policyGroupName\&quot;:\&quot;POLICY-GROUP-1\&quot;,\&quot;policyGroup\&quot;:[{\&quot;name\&quot;:\&quot;MostSimilarFilePolicy\&quot;,\&quot;weight\&quot;:1,\&quot;promptPrefix\&quot;:\&quot;Consider this code snippet as a reference\&quot;,\&quot;extra\&quot;:{\&quot;winSize\&quot;:20,\&quot;threshold\&quot;:0.7}},{\&quot;name\&quot;:\&quot;RecentFilesPolicy\&quot;,\&quot;weight\&quot;:1,\&quot;promptPrefix\&quot;:\&quot;Consider this code snippet as a reference\&quot;,\&quot;extra\&quot;:{\&quot;maxFiles\&quot;:5}}]}&quot;,&quot;Ext.DynamicBanner&quot;:&quot;{\n        \&quot;key\&quot;: \&quot;20250226-bigmodel\&quot;,\n        \&quot;type\&quot;: \&quot;media\&quot;,\n        \&quot;enable\&quot;: false,\n        \&quot;force\&quot;: false,\n        \&quot;title\&quot;: \&quot;\&quot;,\n        \&quot;media\&quot;: {\n            \&quot;default\&quot;: \&quot;https://cdn.bigmodel.cn/static/platform/images/codegeex-ad/university-x-plan-black.png\&quot;,\n            \&quot;light\&quot;: \&quot;https://cdn.bigmodel.cn/static/platform/images/codegeex-ad/university-x-plan-blue.png\&quot;\n        },\n        \&quot;link\&quot;: \&quot;https://open.bigmodel.cn/university?utm_campaign=Platform_OPS&amp;utm_medium=CodeGeeX_Banner&amp;_channel_track_key=upkkk1pA&amp;utm_content=university\&quot;\n}&quot;,&quot;Ext.GenerationPreference&quot;:&quot;Automatic&quot;,&quot;Ext.ModelConfig&quot;:&quot;{\&quot;codegeex-chat-lite\&quot;: \&quot;codegeex-chat-lite\&quot;, \&quot;codegeex-chat-pro\&quot;: \&quot;codegeex-chat-pro\&quot;, \&quot;codegeex-lite\&quot;: \&quot;codegeex-4\&quot;, \&quot;codegeex-pro\&quot;: \&quot;codegeex-4\&quot;}&quot;,&quot;Ext.OnlineSearch&quot;:&quot;1&quot;,&quot;Ext.PromptLimitTesting&quot;:&quot;{\&quot;enable\&quot;: 0, \&quot;prefix\&quot;: 1024, \&quot;suffix\&quot;: 256}&quot;,&quot;Ext.PythonMirrors&quot;:&quot;{\n      \&quot;pypi\&quot;:{\n            \&quot;indexUrls\&quot;: [\n                    \&quot;https://pypi.tuna.tsinghua.edu.cn/simple\&quot;,\n                    \&quot;https://mirrors.aliyun.com/pypi/simple\&quot;,\n                    \&quot;https://pypi.mirrors.ustc.edu.cn/simple\&quot;,\n                    \&quot;https://mirrors.cloud.tencent.com/pypi/simple\&quot;,\n                    \&quot;https://repo.huaweicloud.com/repository/pypi/simple\&quot;,\n                    \&quot;https://pypi.org/simple\&quot;\n             ]\n       },\n      \&quot;conda\&quot;: {\n               \&quot;channelSets\&quot;: [\n                       \&quot;https://mirrors.tuna.tsinghua.edu.cn/anaconda/cloud/conda-forge/\&quot;,\n                       \&quot;https://conda.anaconda.org/conda-forge/\&quot;,\n                       \&quot;https://mirrors.ustc.edu.cn/anaconda/cloud/conda-forge/\&quot;,\n                       \&quot;https://mirrors.bfsu.edu.cn/anaconda/cloud/conda-forge/\&quot;,\n                       \&quot;https://mirrors.hit.edu.cn/anaconda/cloud/conda-forge/\&quot;\n                ]\n      }\n}&quot;,&quot;Ext.Sentry&quot;:&quot;0&quot;,&quot;Ext.UseChatTempPlaceholder&quot;:&quot;0&quot;,&quot;Ext.UseSimilarFileForPrompt&quot;:&quot;1&quot;,&quot;Ext.WorkspaceValidLang&quot;:&quot;[\&quot;c\&quot;,\&quot;cpp\&quot;,\&quot;cs\&quot;,\&quot;cjs\&quot;,\&quot;dockerfile\&quot;,\&quot;go\&quot;,\&quot;h\&quot;,\&quot;hpp\&quot;,\&quot;java\&quot;,\&quot;js\&quot;,\&quot;json\&quot;,\&quot;jsonl\&quot;,\&quot;kt\&quot;,\&quot;makefile\&quot;,\&quot;md\&quot;,\&quot;mdx\&quot;,\&quot;php\&quot;,\&quot;pl\&quot;,\&quot;py\&quot;,\&quot;rb\&quot;,\&quot;rs\&quot;,\&quot;scala\&quot;,\&quot;sh\&quot;,\&quot;ts\&quot;,\&quot;tsx\&quot;,\&quot;txt\&quot;,\&quot;vue\&quot;,\&quot;xml\&quot;,\&quot;yaml\&quot;,\&quot;yml\&quot;]&quot;,&quot;Jetbrains.2.14.0&quot;:&quot;{\&quot;auto\&quot;:true, \&quot;is_force\&quot;:false}&quot;,&quot;Jetbrains.2.14.1&quot;:&quot;{\&quot;auto\&quot;:true, \&quot;is_force\&quot;:false}&quot;,&quot;Jetbrains.2.16.0&quot;:&quot;{\&quot;auto\&quot;:true, \&quot;is_force\&quot;:false}&quot;,&quot;Jetbrains.2.19.0&quot;:&quot;{\&quot;auto\&quot;:true, \&quot;is_force\&quot;:false}&quot;,&quot;Jetbrains.2.7.3&quot;:&quot;{ \&quot;auto\&quot;: true, \&quot;is_force\&quot;: false }&quot;,&quot;Jetbrains.AutoUpdateVersion&quot;:&quot;2.19.0&quot;,&quot;RAG.repoCommand&quot;:&quot;1&quot;,&quot;Toolbox&quot;:&quot;1&quot;,&quot;TrimWithAST&quot;:&quot;0&quot;},&quot;experiment&quot;:{&quot;exp_id&quot;:&quot;&quot;,&quot;variant_id&quot;:&quot;&quot;,&quot;is_exp_active&quot;:false}}" />
    <option name="configString" value="{&quot;2023YearReport&quot;:&quot;0&quot;,&quot;BlockParsingMode&quot;:&quot;1&quot;,&quot;Candidates&quot;:&quot;1&quot;,&quot;CommandList&quot;:&quot;[\&quot;explain\&quot;,\&quot;comment\&quot;,\&quot;fixbug\&quot;,\&quot;tests\&quot;, \&quot;code_check\&quot;]&quot;,&quot;CompletionDelay&quot;:&quot;500&quot;,&quot;CompletionV3&quot;:&quot;1&quot;,&quot;Ext.AdjustedCompletionDelay&quot;:&quot;500&quot;,&quot;Ext.Agent&quot;:&quot;{\&quot;model\&quot;:\&quot;codegeex-agent-test-5\&quot;,\&quot;status\&quot;:1}&quot;,&quot;Ext.AgentStartPrompt&quot;:&quot;{\n    \&quot;en\&quot;: {\n        \&quot;list\&quot;: [{\n              \&quot;title\&quot;: \&quot;️ Develop a Memory Matching Mini‑Game\&quot;,\n              \&quot;prompt\&quot;: \&quot;Write a card memory matching game on a website. Use a 4×4 card grid and implement card‑flip animations and basic matching logic.\&quot;\n            },{\n              \&quot;title\&quot;: \&quot; Simple Expense Tracker App\&quot;,\n              \&quot;prompt\&quot;: \&quot;I want to build a simple expense tracker app using HTML and JavaScript. The interface should be clean with green as the primary color. Display total expenses and balance at the top and add a button at the bottom. No login is required; store data locally. It must display correctly on mobile devices.\&quot;\n            },{\n              \&quot;title\&quot;: \&quot; Build a Green‑Fruit Delivery E‑commerce Site with Vue\&quot;,\n              \&quot;prompt\&quot;: \&quot;I want to create an e‑commerce website that offers high‑quality green‑fruit delivery. Please build it with Vue.\\nRequirements:\\n1. Ensure good architecture and maintainability, and add documentation comments that describe the purpose of every function.\\n2. Include three categories: fruit, fruit‑based light meals, and gift boxes.\\n3. Provide at least 10 products with descriptions. Use Unsplash placeholder images.\\n4. Use a JSON file instead of a database.\&quot;\n            }\n            ,{\n              \&quot;title\&quot;: \&quot; Build an AI‑Powered Gomoku Game\&quot;,\n              \&quot;prompt\&quot;: \&quot;Please create a Gomoku game built with Pygame that includes the following features:\\n1. Two difficulty levels—easy and advanced—each with an AI opponent to play against the human player.\\n2. A game analysis board that shows the human player’s win rate in real time and provides two move suggestions with their respective winning probabilities.\\n3. The AI should always make the first move.\&quot;\n            }],\n        \&quot;project_list\&quot;: [{\n              \&quot;title\&quot;: \&quot; Analyze Project Structure\&quot;,\n              \&quot;prompt\&quot;: \&quot;I’m studying this project. Please identify its key modules and analyze what each module does and how the code is organized.\&quot;\n            },\n            {\n              \&quot;title\&quot;: \&quot; Improve Project Testability\&quot;,\n              \&quot;prompt\&quot;: \&quot;I want to enhance system stability and solidify unit‑testing foundations. Evaluate the project’s testability—looking at the test framework, module decoupling, and other factors—and provide practical optimization suggestions.\&quot;\n            },\n            {\n              \&quot;title\&quot;: \&quot; Improve Project Documentation\&quot;,\n              \&quot;prompt\&quot;: \&quot;Good documentation helps everyone. Review our current docs (e.g., README files, code comments). Point out areas that are unclear or lacking and suggest specific improvements to make them more helpful for both users and developers.\&quot;\n            }\n          ]},\n    \&quot;zh\&quot;: {\n        \&quot;list\&quot;: [{\n            \&quot;title\&quot;: \&quot;️ 开发一个记忆力挑战小游戏\&quot;,\n            \&quot;prompt\&quot;: \&quot;在网站上写一个卡牌记忆配对游戏。用4x4的卡牌网格，实现卡牌翻转动画和基本匹配逻辑。\&quot;\n        },{\n            \&quot;title\&quot;: \&quot; 帮我完成简易记账应用\&quot;,\n            \&quot;prompt\&quot;: \&quot;想做个简单的记账APP，用HTML+JS开发。界面要简洁，主色调用绿色。顶部显示总支出和结余。底部有添加按钮。不用登录功能，数据存在本地就行。手机上能正常显示。\&quot;\n        },{\n            \&quot;title\&quot;: \&quot; 用 Vue 制作电商网站\&quot;,\n            \&quot;prompt\&quot;: \&quot;我希望做一个提供高品质绿色水果配送的电商网站，请用 vue 帮我写。要求：\\n1. 必须考虑良好的架构和可维护性 ，使用文档注释描述每一个函数的功能   \\n2. 包含水果、水果轻食、礼盒三个品类 \\n3. 至少有 10 个商品和对应的描述信息。  图片使用 unsplash 提供的占位图。\\n4. 数据库使用 json 文件代替\&quot;\n        },{\n            \&quot;title\&quot;: \&quot; 做个 AI 对战五子棋解解闷\&quot;,\n            \&quot;prompt\&quot;: \&quot;请创建一个基于 pygame 的五子棋游戏，游戏需要包含以下功能：\\n1. 提供简单、高级两种难度的选择，每个选择使用对应难度的机器人与人类对战 \\n2. 提供局面分析看板，实时显示人类玩家的胜率，并提供出子建议（给出 2 个建议）和对应的赢率 \\n3. 总是机器人优先出子。\&quot;\n        }],\n        \&quot;project_list\&quot;: [{\n            \&quot;title\&quot;: \&quot; 分析项目结构\&quot;,\n            \&quot;prompt\&quot;: \&quot;我正在学习这个项目，请帮我找出项目的重要模块，并分析每个模块的功能和代码结构。\&quot;\n            },{\n            \&quot;title\&quot;: \&quot; 提高项目可测试性\&quot;,\n            \&quot;prompt\&quot;: \&quot;我希望提升系统稳定性并夯实单元测试基础，请从测试框架、模块解耦性等维度，对本项目的可测试性进行简单评估，并给出优化方案。\&quot;\n            },{\n            \&quot;title\&quot;: \&quot; 改进项目文档\&quot;,\n            \&quot;prompt\&quot;: \&quot;好的文档对每个人都有帮助。请检查我们当前的文档（例如 README、代码注释等），指出哪些地方有所欠缺或不够清晰，并提出具体的改进建议，使其对用户和开发者都更有帮助。\&quot;}]\n    }\n}&quot;,&quot;Ext.ContextConfig&quot;:&quot;[{\&quot;name\&quot;:\&quot;open_viewports\&quot;,\&quot;max\&quot;:2},{\&quot;name\&quot;:\&quot;opened_files\&quot;,\&quot;max\&quot;:2},{\&quot;name\&quot;:\&quot;import_files\&quot;,\&quot;max\&quot;:10},{\&quot;name\&quot;:\&quot;recent_files\&quot;,\&quot;max\&quot;:2},{\&quot;name\&quot;:\&quot;most_similar_file\&quot;,\&quot;max\&quot;:1}]&quot;,&quot;Ext.ContextStategy&quot;:&quot;{\&quot;maxLine\&quot;:150,\&quot;languages\&quot;:[\&quot;javascript\&quot;,\&quot;python\&quot;,\&quot;java\&quot;,\&quot;typescript\&quot;],\&quot;policyGroupName\&quot;:\&quot;POLICY-GROUP-1\&quot;,\&quot;policyGroup\&quot;:[{\&quot;name\&quot;:\&quot;MostSimilarFilePolicy\&quot;,\&quot;weight\&quot;:1,\&quot;promptPrefix\&quot;:\&quot;Consider this code snippet as a reference\&quot;,\&quot;extra\&quot;:{\&quot;winSize\&quot;:20,\&quot;threshold\&quot;:0.7}},{\&quot;name\&quot;:\&quot;RecentFilesPolicy\&quot;,\&quot;weight\&quot;:1,\&quot;promptPrefix\&quot;:\&quot;Consider this code snippet as a reference\&quot;,\&quot;extra\&quot;:{\&quot;maxFiles\&quot;:5}}]}&quot;,&quot;Ext.DynamicBanner&quot;:&quot;{\n        \&quot;key\&quot;: \&quot;20250226-bigmodel\&quot;,\n        \&quot;type\&quot;: \&quot;media\&quot;,\n        \&quot;enable\&quot;: false,\n        \&quot;force\&quot;: false,\n        \&quot;title\&quot;: \&quot;\&quot;,\n        \&quot;media\&quot;: {\n            \&quot;default\&quot;: \&quot;https://cdn.bigmodel.cn/static/platform/images/codegeex-ad/university-x-plan-black.png\&quot;,\n            \&quot;light\&quot;: \&quot;https://cdn.bigmodel.cn/static/platform/images/codegeex-ad/university-x-plan-blue.png\&quot;\n        },\n        \&quot;link\&quot;: \&quot;https://open.bigmodel.cn/university?utm_campaign=Platform_OPS&amp;utm_medium=CodeGeeX_Banner&amp;_channel_track_key=upkkk1pA&amp;utm_content=university\&quot;\n}&quot;,&quot;Ext.GenerationPreference&quot;:&quot;Automatic&quot;,&quot;Ext.ModelConfig&quot;:&quot;{\&quot;codegeex-chat-lite\&quot;: \&quot;codegeex-chat-lite\&quot;, \&quot;codegeex-chat-pro\&quot;: \&quot;codegeex-chat-pro\&quot;, \&quot;codegeex-lite\&quot;: \&quot;codegeex-4\&quot;, \&quot;codegeex-pro\&quot;: \&quot;codegeex-4\&quot;}&quot;,&quot;Ext.OnlineSearch&quot;:&quot;1&quot;,&quot;Ext.PromptLimitTesting&quot;:&quot;{\&quot;enable\&quot;: 0, \&quot;prefix\&quot;: 1024, \&quot;suffix\&quot;: 256}&quot;,&quot;Ext.PythonMirrors&quot;:&quot;{\n      \&quot;pypi\&quot;:{\n            \&quot;indexUrls\&quot;: [\n                    \&quot;https://pypi.tuna.tsinghua.edu.cn/simple\&quot;,\n                    \&quot;https://mirrors.aliyun.com/pypi/simple\&quot;,\n                    \&quot;https://pypi.mirrors.ustc.edu.cn/simple\&quot;,\n                    \&quot;https://mirrors.cloud.tencent.com/pypi/simple\&quot;,\n                    \&quot;https://repo.huaweicloud.com/repository/pypi/simple\&quot;,\n                    \&quot;https://pypi.org/simple\&quot;\n             ]\n       },\n      \&quot;conda\&quot;: {\n               \&quot;channelSets\&quot;: [\n                       \&quot;https://mirrors.tuna.tsinghua.edu.cn/anaconda/cloud/conda-forge/\&quot;,\n                       \&quot;https://conda.anaconda.org/conda-forge/\&quot;,\n                       \&quot;https://mirrors.ustc.edu.cn/anaconda/cloud/conda-forge/\&quot;,\n                       \&quot;https://mirrors.bfsu.edu.cn/anaconda/cloud/conda-forge/\&quot;,\n                       \&quot;https://mirrors.hit.edu.cn/anaconda/cloud/conda-forge/\&quot;\n                ]\n      }\n}&quot;,&quot;Ext.Sentry&quot;:&quot;0&quot;,&quot;Ext.UseChatTempPlaceholder&quot;:&quot;0&quot;,&quot;Ext.UseSimilarFileForPrompt&quot;:&quot;1&quot;,&quot;Ext.WorkspaceValidLang&quot;:&quot;[\&quot;c\&quot;,\&quot;cpp\&quot;,\&quot;cs\&quot;,\&quot;cjs\&quot;,\&quot;dockerfile\&quot;,\&quot;go\&quot;,\&quot;h\&quot;,\&quot;hpp\&quot;,\&quot;java\&quot;,\&quot;js\&quot;,\&quot;json\&quot;,\&quot;jsonl\&quot;,\&quot;kt\&quot;,\&quot;makefile\&quot;,\&quot;md\&quot;,\&quot;mdx\&quot;,\&quot;php\&quot;,\&quot;pl\&quot;,\&quot;py\&quot;,\&quot;rb\&quot;,\&quot;rs\&quot;,\&quot;scala\&quot;,\&quot;sh\&quot;,\&quot;ts\&quot;,\&quot;tsx\&quot;,\&quot;txt\&quot;,\&quot;vue\&quot;,\&quot;xml\&quot;,\&quot;yaml\&quot;,\&quot;yml\&quot;]&quot;,&quot;Jetbrains.2.14.0&quot;:&quot;{\&quot;auto\&quot;:true, \&quot;is_force\&quot;:false}&quot;,&quot;Jetbrains.2.14.1&quot;:&quot;{\&quot;auto\&quot;:true, \&quot;is_force\&quot;:false}&quot;,&quot;Jetbrains.2.16.0&quot;:&quot;{\&quot;auto\&quot;:true, \&quot;is_force\&quot;:false}&quot;,&quot;Jetbrains.2.19.0&quot;:&quot;{\&quot;auto\&quot;:true, \&quot;is_force\&quot;:false}&quot;,&quot;Jetbrains.2.7.3&quot;:&quot;{ \&quot;auto\&quot;: true, \&quot;is_force\&quot;: false }&quot;,&quot;Jetbrains.AutoUpdateVersion&quot;:&quot;2.19.0&quot;,&quot;RAG.repoCommand&quot;:&quot;1&quot;,&quot;Toolbox&quot;:&quot;1&quot;,&quot;TrimWithAST&quot;:&quot;0&quot;}" />
    <option name="userCodeBaseStatesString" value="{&quot;f6a8978ba0664a2fa84c587ed99d9184&quot;:{&quot;D:/dev/learn/imooc/java-996&quot;:{&quot;authorized&quot;:false}}}" />
    <option name="projectMapHistoryString" value="null" />
    <option name="projectMapLastVisitedString" value="null" />
    <option name="workspaceValidLang">
      <list>
        <option value="c" />
        <option value="cpp" />
        <option value="cs" />
        <option value="cjs" />
        <option value="dockerfile" />
        <option value="go" />
        <option value="h" />
        <option value="hpp" />
        <option value="java" />
        <option value="js" />
        <option value="json" />
        <option value="jsonl" />
        <option value="kt" />
        <option value="makefile" />
        <option value="md" />
        <option value="mdx" />
        <option value="php" />
        <option value="pl" />
        <option value="py" />
        <option value="rb" />
        <option value="rs" />
        <option value="scala" />
        <option value="sh" />
        <option value="ts" />
        <option value="tsx" />
        <option value="txt" />
        <option value="vue" />
        <option value="xml" />
        <option value="yaml" />
        <option value="yml" />
      </list>
    </option>
    <option name="inlayHintsTypeString" value="{}" />
    <option name="inlineChatDataString" value="{&quot;D:/dev/learn/imooc/java-996/src/main/java/tech/tuanzi/Main.java&quot;:{&quot;psiElementType&quot;:&quot;Class&quot;,&quot;textRange&quot;:{&quot;myStartOffset&quot;:22,&quot;myEndOffset&quot;:832}},&quot;D:/dev/learn/imooc/java-996/src/main/java/tech/tuanzi/_02lambda/cart/Sku.java&quot;:{&quot;psiElementType&quot;:&quot;Method&quot;,&quot;textRange&quot;:{&quot;myStartOffset&quot;:915,&quot;myEndOffset&quot;:973}}}" />
    <option name="lastPluginVersion" value="2.10.2-223" />
  </component>
</application>