<application>
  <component name="aminer-codegeex">
    <option name="telemetryEnabled" value="true" />
    <option name="telemetryConfigured" value="true" />
    <option name="sessionId" value="039732c6-70f6-4903-8438-f3a7babda849" />
    <option name="macAddress" value="00-50-56-C0-00-01" />
    <option name="userId" value="f6a8978ba0664a2fa84c587ed99d9184" />
    <option name="userName" value="新用户55818" />
    <option name="source" value="codeGeeX" />
    <option name="sourceId" value="f6a8978ba0664a2fa84c587ed99d9184" />
    <option name="configCacheSeconds" value="43200" />
    <option name="minCompletionDelay" value="500" />
    <option name="autoUpdateVersion" value="2.7.3" />
    <option name="autoUpdateProperty" value="{ &quot;auto&quot;: true, &quot;is_force&quot;: false }" />
    <option name="lastPluginVersion" value="2.10.2-223" />
  </component>
</application>